{"isDisabled":false,"content":[{"id":"new_47589","question":"Как узнать, подходит ли SmartApp Graph для моего случая?","synonyms":[],"answers":[{"id":"new_47590","answer":"Обратитесь к нам по контактам, которые указаны ниже на этой странице. Наши специалисты разберутся в вашем кейсе и подскажут, что можно сделать."}],"disabled":false},{"id":"new_47587","question":"Зачем нужно создавать смартапы?","synonyms":[],"answers":[{"id":"new_47588","answer":"Cмартапы берут на себя рутинные операции, связанные с обработкой запросов пользователей на вашем сайте, в чате Telegram, по телефону и в других каналах связи с клиентами. Они отвечают быстрее операторов, могут быстрее выполнить нужные операции, и при этом стоят в разы дешевле. Мы написали об этом в небольшой статье Общие принципы создания смартапов"}],"disabled":false},{"id":"new_47585","question":"Что такое SmartApp Graph?","synonyms":[],"answers":[{"id":"new_47586","answer":"SmartApp Graph – это визуальный конструктор для создания интеллектуальных смартапов, которые понимают запросы пользователей на естественном языке. Мы подробно рассказываем о возможностях SmartApp Graph в статье Базовые понятия SmartApp Graph"}],"disabled":false},{"id":"new_47578","question":"Как тестировать?","synonyms":[{"id":"new_47579","synonym":"Что делать?"},{"id":"new_47580","synonym":"Что я могу?"},{"id":"new_47581","synonym":"Как тестить?"}],"answers":[{"id":"new_47582","answer":"Начни с вода \"меню\""},{"id":"new_47583","answer":"Напиши \"меню\""},{"id":"new_47584","answer":"Введи \"меню\""}],"disabled":false},{"id":"new_47572","question":"Кто ты?","synonyms":[{"id":"new_47573","synonym":"Что ты есть такое?"},{"id":"new_47574","synonym":"С кем я говорю?"}],"answers":[{"id":"new_47575","answer":"Не загоняйся, я просто твоё воображение"},{"id":"new_47576","answer":"Я бот"},{"id":"new_47577","answer":"Я есть бот"}],"disabled":false}]}